dataset,lossfunction,recall,acc,f1_macro,f1_micro,auroc,avg_training_time,acc_class_0,f1_class_0,auc_class_0,acc_class_1,f1_class_1,auc_class_1,acc_class_2,f1_class_2,auc_class_2,acc_class_3,f1_class_3,auc_class_3,acc_class_4,f1_class_4,auc_class_4,acc_class_5,f1_class_5,auc_class_5
CiteSeer,CEL,0.7194767903862677,0.753,0.7234199669844226,0.753,0.9112281203269958,0.14477932214736938,40.25974025974026,0.46969696969696967,0.7994611022780036,71.97802197802197,0.7178082191780821,0.912289422069373,76.79558011049724,0.7183462532299741,0.9219739744601624,79.22077922077922,0.7991266375545851,0.9360219321207619,83.4319526627219,0.815028901734104,0.9491736625866035,80.0,0.8205128205128205,0.9484486607142857
CiteSeer,CEL,0.7305301049590255,0.76,0.7322297740910085,0.76,0.9119375348091125,0.14863781690597533,44.15584415584416,0.4788732394366197,0.7947264003602031,74.72527472527473,0.7064935064935064,0.9144657298691528,74.03314917127072,0.7362637362637363,0.9147896302592435,78.35497835497836,0.8098434004474273,0.9407956586110033,85.79881656804734,0.8285714285714285,0.9552296726692728,81.25,0.8333333333333334,0.9516183035714285
CiteSeer,CEL,0.7371187723477354,0.766,0.7397169233651014,0.766,0.9162278175354004,0.1448437476158142,45.45454545454545,0.5072463768115941,0.799728440573511,74.72527472527473,0.7253333333333334,0.9222507321529325,73.48066298342542,0.7247956403269755,0.9181760535351695,79.65367965367966,0.8105726872246696,0.9423268539003258,85.20710059171597,0.8275862068965518,0.9605949914197623,83.75,0.8427672955974843,0.9542894345238095
CiteSeer,CEL,0.726675802564296,0.76,0.7304463471463668,0.76,0.9136843085289001,0.14429908752441406,41.55844155844156,0.48854961832061067,0.8108581559285785,73.07692307692308,0.7074468085106383,0.916346489696123,74.58563535911603,0.7356948228882834,0.9155148105424348,80.95238095238095,0.816593886462882,0.9379781466907605,85.20710059171597,0.8205128205128205,0.9504553578421948,80.625,0.8138801261829655,0.950952380952381
CiteSeer,CEL,0.4604883346808548,0.496,0.42141118319074683,0.496,0.7983158230781555,0.14438695430755616,5.194805194805195,0.0963855421686747,0.6913579378368111,2.197802197802198,0.04278074866310161,0.5850842311722507,97.23756906077348,0.464993394980185,0.924092175473391,43.29004329004329,0.5681818181818182,0.7871300784174646,73.37278106508876,0.7230320699708455,0.9170636361694402,55.0,0.6330935251798562,0.8851674107142857
CiteSeer,CEL,0.73471448290695,0.77,0.7396324746580129,0.7699999999999999,0.9169487357139587,0.14531147718429566,40.25974025974026,0.49599999999999994,0.8114280086111072,76.37362637362638,0.7239583333333333,0.9198897068701469,72.92817679558011,0.7292817679558011,0.910371089929101,81.81818181818181,0.8235294117647058,0.9433542183867282,87.57396449704142,0.8385269121813032,0.958992872350273,81.875,0.8264984227129337,0.9576562499999999
CiteSeer,CEL,0.7218568889202124,0.758,0.7261818691032715,0.7579999999999999,0.910193681716919,0.14467171669006348,37.66233766233766,0.47154471544715454,0.8012832238184351,71.42857142857143,0.7142857142857143,0.9127562535264245,76.79558011049724,0.7164948453608246,0.9168504914361266,79.65367965367966,0.8123620309050772,0.9321657969252248,87.57396449704142,0.8245125348189415,0.9571842579340498,80.0,0.817891373801917,0.9409226190476191
CiteSeer,CEL,0.7339484711350415,0.765,0.7365100293586249,0.765,0.9138891696929932,0.14434924125671386,42.857142857142854,0.4852941176470588,0.7986801930463903,78.02197802197803,0.7338501291989663,0.9209812192697279,74.58563535911603,0.7317073170731707,0.9151741444559123,77.92207792207792,0.8071748878923768,0.9409898727193917,86.98224852071006,0.8352272727272727,0.9578963108538225,80.0,0.8258064516129033,0.9496130952380952
CiteSeer,CEL,0.7244854491202238,0.762,0.7278283762716486,0.762,0.9111441969871521,0.15481430530548096,36.36363636363637,0.4444444444444444,0.7919897004404046,78.57142857142857,0.7295918367346939,0.9194228754130952,72.92817679558011,0.7213114754098361,0.9048394821875484,79.22077922077922,0.8097345132743362,0.9393376454494791,86.98224852071006,0.8376068376068375,0.9561375401419833,80.625,0.8242811501597445,0.9551376488095238
CiteSeer,CEL,0.7188796009145032,0.752,0.7207051861158592,0.752,0.9129237532615662,0.1612599301338196,38.96103896103896,0.45454545454545453,0.8011214137974703,75.27472527472527,0.7007672634271099,0.9129510465085034,71.2707182320442,0.7068493150684931,0.9133966095292062,77.4891774891775,0.8136363636363636,0.9383074662658538,85.20710059171597,0.829971181556196,0.9556391030981423,83.125,0.8184615384615385,0.9561272321428571
CiteSeer,CEL,0.7318662954779084,0.768,0.7358299804713407,0.768,0.9122644066810608,0.1606375503540039,37.66233766233766,0.46774193548387094,0.7998832153761732,79.12087912087912,0.7519582245430809,0.92121967274779,74.03314917127072,0.7204301075268816,0.9081550739009302,78.78787878787878,0.8035320088300222,0.9394277157606157,86.3905325443787,0.8295454545454545,0.9553471614010354,83.125,0.8417721518987342,0.9495535714285714
CiteSeer,CEL,0.7279383633731807,0.761,0.7311977226321981,0.761,0.9138081073760986,0.14754262924194336,40.25974025974026,0.48437499999999994,0.8048360090613611,75.82417582417582,0.7168831168831169,0.9204169913216367,72.37569060773481,0.723756906077348,0.9067384426500448,78.78787878787878,0.8088888888888889,0.9415528121639956,86.3905325443787,0.8271954674220963,0.9583484644578786,83.125,0.8260869565217391,0.9509561011904764
CiteSeer,CEL,0.7324524984506923,0.761,0.7333644929225774,0.761,0.9152579307556152,0.14676748514175414,45.45454545454545,0.48611111111111105,0.8044912833645228,74.72527472527473,0.723404255319149,0.9191777049356511,73.48066298342542,0.7388888888888888,0.9104925154648911,79.22077922077922,0.8061674008810573,0.9431600042783398,82.84023668639053,0.823529411764706,0.9574477175143657,83.75,0.8220858895705521,0.956778273809524
CiteSeer,CEL,0.7233977935343213,0.761,0.7245500567633075,0.761,0.9154554009437561,0.1471260666847229,36.36363636363637,0.417910447761194,0.8142069198407227,73.62637362637362,0.7108753315649868,0.9166756226658426,75.13812154696133,0.7351351351351352,0.9118113317008344,80.08658008658008,0.825892857142857,0.9480603921436171,87.57396449704142,0.8268156424581006,0.9567214235361972,81.25,0.8306709265175718,0.9452566964285714
CiteSeer,CEL,0.7315732985848266,0.769,0.7373608162060795,0.769,0.9141364693641663,0.14608936071395873,37.66233766233766,0.4915254237288135,0.8069676802071168,73.62637362637362,0.7071240105540898,0.9185194389962116,75.13812154696133,0.7351351351351352,0.9124083405851362,81.81818181818181,0.8253275109170306,0.9386114535659398,87.57396449704142,0.8338028169014083,0.9550267375871375,83.125,0.83125,0.9532849702380952
CiteSeer,CEL,0.7341946622638824,0.771,0.7380582924201403,0.771,0.9140790104866028,0.14512362003326415,37.66233766233766,0.47154471544715454,0.8009807094314138,78.02197802197803,0.7395833333333333,0.9219014481850668,75.13812154696133,0.7371273712737128,0.9112278145427317,79.65367965367966,0.8141592920353983,0.9413220069917079,88.16568047337279,0.8394366197183097,0.957226981109236,81.875,0.8264984227129337,0.9518154761904761
CiteSeer,CEL,0.7406118259603173,0.771,0.7442543693100481,0.771,0.9103428721427917,0.1464732265472412,44.15584415584416,0.5112781954887218,0.7931294058054621,79.12087912087912,0.7328244274809161,0.9182574760203123,69.61325966850829,0.7283236994219654,0.9059087014888121,80.08658008658008,0.8078602620087335,0.9370295937266028,86.3905325443787,0.8271954674220963,0.9560983772313958,85.0,0.858044164037855,0.9516331845238095
CiteSeer,CEL,0.727098140915608,0.763,0.729340367605002,0.763,0.9133548140525818,0.1476355981826782,37.66233766233766,0.4461538461538462,0.800931462903294,76.37362637362638,0.7277486910994765,0.9199635938633494,72.92817679558011,0.7292817679558011,0.9102260538724627,79.22077922077922,0.8079470198675496,0.9401088724885864,87.57396449704142,0.8268156424581006,0.9576114896859134,82.5,0.8380952380952381,0.9512872023809524
CiteSeer,CEL,0.7263702071527188,0.755,0.7275126852055488,0.755,0.913970410823822,0.1489403510093689,44.15584415584416,0.4788732394366197,0.8126169605042843,69.78021978021978,0.6958904109589041,0.9119770815981083,77.34806629834254,0.7197943444730077,0.915501318816236,77.4891774891775,0.8136363636363636,0.9353435900900141,85.79881656804734,0.8262108262108262,0.9582380962553138,81.25,0.8306709265175718,0.9501450892857144
CiteSeer,CEL,0.4204455000128077,0.424,0.31204139204666786,0.424,0.7761738300323486,0.14562704563140869,3.896103896103896,0.07500000000000001,0.6010749813566715,69.78021978021978,0.6446700507614213,0.854687793868723,0.0,0.0,0.6527769345448903,0.0,0.0,0.7265380912975191,91.71597633136095,0.42291950886766705,0.8972222815599655,86.875,0.7296587926509187,0.9247433035714286
CiteSeer,CEL,0.7439074103518429,0.775,0.7458002151658191,0.775,0.9117276072502136,0.14528774976730346,44.15584415584416,0.4963503649635037,0.8044912833645228,80.76923076923077,0.7577319587628866,0.9129711975066497,72.37569060773481,0.7318435754189945,0.9090994947348539,80.08658008658008,0.825892857142857,0.942326853900326,85.20710059171597,0.8228571428571428,0.9544677760451157,83.75,0.8401253918495297,0.9470089285714286
CiteSeer,CEL,0.6867297813510095,0.75,0.6747452695068779,0.75,0.9023780226707458,0.1481282591819763,9.090909090909092,0.1627906976744186,0.7282154465253057,78.57142857142857,0.7258883248730965,0.9222742416507697,74.03314917127072,0.7302452316076294,0.9145771355716107,81.38528138528139,0.7966101694915255,0.9380006642685446,85.20710059171597,0.8158640226628895,0.9601962417846894,83.75,0.8170731707317073,0.9510044642857143
CiteSeer,CEL,0.7365782690594102,0.772,0.7397003209485021,0.772,0.9120690226554871,0.14870800018310548,40.25974025974026,0.4626865671641791,0.8022329782893163,78.57142857142857,0.7333333333333334,0.9161181117171335,70.1657458563536,0.7405247813411078,0.9064247600159202,82.25108225108225,0.811965811965812,0.9370239643321568,87.57396449704142,0.8505747126436782,0.9578464671494387,83.125,0.8391167192429022,0.9527678571428572
CiteSeer,CEL,0.680251081260431,0.749,0.6571886915646016,0.749,0.8903388977050781,0.1471164846420288,2.5974025974025974,0.05063291139240507,0.684167944731325,76.37362637362638,0.7128205128205127,0.9084237889250113,78.45303867403315,0.7493403693931397,0.9119698594836718,80.51948051948052,0.806941431670282,0.9307246719470388,85.20710059171597,0.789041095890411,0.9467918455699627,85.0,0.8343558282208589,0.9599553571428572
CiteSeer,CEL,0.7327839184591204,0.768,0.7365135260749707,0.768,0.9145401120185852,0.14696371793746948,38.96103896103896,0.48000000000000004,0.80540586174389,76.92307692307692,0.7197943444730078,0.9209711437706547,72.37569060773481,0.7257617728531855,0.9122801691862464,80.08658008658008,0.8222222222222222,0.9415725150445566,87.57396449704142,0.8338028169014083,0.9511958928787587,83.75,0.8375,0.9558147321428572
CiteSeer,CEL,0.7302958221360262,0.764,0.7340022950213925,0.764,0.9127511978149414,0.1475555968284607,40.25974025974026,0.4732824427480916,0.8009103572483853,75.82417582417582,0.7340425531914893,0.9134044439667912,77.34806629834254,0.7291666666666666,0.924783626441085,78.35497835497836,0.8044444444444444,0.9401116871858094,86.3905325443787,0.8319088319088318,0.9531825205249254,80.0,0.8311688311688312,0.9441145833333332
CiteSeer,CEL,0.7184459818172101,0.753,0.7199790135976016,0.753,0.9141812920570374,0.14842830896377562,37.66233766233766,0.4360902255639098,0.8129265101096087,74.17582417582418,0.7031249999999999,0.9182977780166043,74.03314917127072,0.7282608695652174,0.9064787269207157,77.4891774891775,0.8026905829596411,0.9358755678651647,85.20710059171597,0.8323699421965319,0.9561446606711812,82.5,0.8173374613003095,0.9553645833333334
CiteSeer,CEL,0.7278609628495413,0.761,0.729443198577862,0.761,0.9121133685112,0.14750280857086182,40.25974025974026,0.45588235294117646,0.7952259008597037,77.47252747252747,0.7286821705426355,0.9204169913216367,73.48066298342542,0.7287671232876712,0.9092141744075445,78.35497835497836,0.811659192825112,0.9399371759579823,84.02366863905326,0.8255813953488372,0.9566359771858245,83.125,0.8260869565217391,0.95125
CiteSeer,CEL,0.7332957015596199,0.76,0.7338294131688539,0.76,0.9071616530418396,0.14671375513076781,46.753246753246756,0.5,0.7959575635631974,72.52747252747253,0.6839378238341969,0.9047227222655096,69.06077348066299,0.728862973760933,0.9034093592104642,79.65367965367966,0.8159645232815965,0.9315634517194986,86.98224852071006,0.8424068767908309,0.9532359244939084,85.0,0.8318042813455658,0.9540811011904762
CiteSeer,CEL,0.7304283267495125,0.769,0.735289388063864,0.769,0.9172822833061218,0.14941295623779297,36.36363636363637,0.46666666666666673,0.8071787367562016,76.37362637362638,0.7220779220779221,0.9208938982777612,74.58563535911603,0.7356948228882834,0.9120002158676191,81.38528138528139,0.8209606986899562,0.9429939371421817,85.79881656804734,0.8262108262108262,0.9603884960730282,83.75,0.8401253918495297,0.9602380952380952
CiteSeer,CEL,0.7294269552636531,0.768,0.7333048088404643,0.768,0.9156033396720886,0.14786532640457153,36.36363636363637,0.45901639344262296,0.810443078048712,78.02197802197803,0.7395833333333333,0.9230500550793949,72.92817679558011,0.7252747252747253,0.9106712808370266,81.38528138528139,0.8245614035087719,0.9417808026390602,85.20710059171597,0.8112676056338027,0.9531326768205414,83.75,0.8401253918495297,0.9545424107142857
CiteSeer,CEL,0.715476835578833,0.752,0.7182392472885709,0.752,0.9144268035888672,0.14583202362060546,36.36363636363637,0.44094488188976383,0.8062360175036232,72.52747252747253,0.7021276595744682,0.9160442247239312,74.03314917127072,0.7262872628726287,0.9117742294537875,78.78787878787878,0.7982456140350876,0.9396050416856658,87.57396449704142,0.8291316526610645,0.9589537094396855,80.0,0.8126984126984126,0.9539471726190477
CiteSeer,CEL,0.7200104472721875,0.752,0.7211127752050889,0.752,0.9109127521514893,0.1464694309234619,40.25974025974026,0.45588235294117646,0.7926158348693559,75.82417582417582,0.7187499999999999,0.9149862973212606,72.37569060773481,0.7217630853994491,0.9114301904357153,77.05627705627705,0.8018018018018018,0.9374433542183869,84.61538461538461,0.8148148148148148,0.9580743240837658,81.875,0.8136645962732918,0.9509263392857144
CiteSeer,CEL,0.7380647505089706,0.772,0.7412383836884328,0.772,0.914576530456543,0.147735812664032,40.25974025974026,0.4806201550387597,0.8092470909372318,79.67032967032966,0.7435897435897436,0.9171726806201133,75.13812154696133,0.7351351351351352,0.9176195198294645,78.35497835497836,0.8153153153153153,0.9388197411604434,88.16568047337279,0.8394366197183097,0.9559951295580289,81.25,0.8333333333333334,0.9486049107142858
CiteSeer,CEL,0.6724669522879255,0.745,0.6449252610678274,0.745,0.9040730595588684,0.14896296024322508,0.0,0.0,0.7457894218457598,76.37362637362638,0.7239583333333333,0.9225798651226522,77.34806629834254,0.7329842931937173,0.9146074919555581,82.25108225108225,0.8137044967880086,0.9399005848940829,88.75739644970415,0.8064516129032259,0.9574761996311566,78.75,0.7924528301886793,0.9440848214285713
CiteSeer,CEL,0.7128366563077572,0.747,0.7123063816970879,0.747,0.9054257273674011,0.14878518342971803,38.96103896103896,0.3973509933774835,0.7922922148274261,69.78021978021978,0.6920980926430518,0.9050350627367738,75.69060773480663,0.7365591397849462,0.910802825167466,78.78787878787878,0.8161434977578474,0.9366664977848335,86.98224852071006,0.8212290502793296,0.9506404916013359,77.5,0.8104575163398693,0.9371168154761904
CiteSeer,CEL,0.5642492671657567,0.586,0.47512251886724693,0.586,0.8129763603210449,0.14539198875427245,0.0,0.0,0.6723417427642779,84.61538461538461,0.616,0.858056369058814,85.6353591160221,0.6078431372549019,0.8666545241130876,0.0,0.0,0.6146566913797082,85.79881656804734,0.7967032967032966,0.9270786604860474,82.5,0.8301886792452831,0.9390699404761905
CiteSeer,CEL,0.727996552339147,0.762,0.7313276616390194,0.762,0.91201251745224,0.14591292142868043,40.25974025974026,0.4732824427480916,0.7987997917575382,75.82417582417582,0.7113402061855669,0.9110400601843144,71.2707182320442,0.7107438016528926,0.9095042465208212,80.51948051948052,0.8230088495575221,0.9432697774700377,85.79881656804734,0.8357348703170029,0.9529582238551969,83.125,0.8338557993730408,0.9565029761904761
CiteSeer,CEL,0.7226011628264072,0.756,0.7244618825897958,0.756,0.9133251309394836,0.14613326787948608,40.25974025974026,0.45925925925925926,0.8073616524320748,75.27472527472527,0.7135416666666665,0.9159300357344368,71.8232044198895,0.7323943661971831,0.9064820998522656,79.22077922077922,0.811529933481153,0.9389942523882706,86.98224852071006,0.8121546961325967,0.9585229174232229,80.0,0.817891373801917,0.9526599702380953
CiteSeer,CEL,0.7218204961976212,0.76,0.7243074223088851,0.76,0.9144526124000549,0.1461212158203125,35.064935064935064,0.432,0.8068973280240886,75.82417582417582,0.7168831168831169,0.9212801257422283,72.37569060773481,0.7298050139275766,0.9075378274273301,79.65367965367966,0.8052516411378555,0.9323459375474981,85.79881656804734,0.8285714285714285,0.9593168564287698,84.375,0.8333333333333331,0.9593377976190476
CiteSeer,CEL,0.7162184137933183,0.758,0.7160809924452782,0.7579999999999999,0.9015108942985535,0.14680301904678345,27.272727272727273,0.40384615384615374,0.7421029674550801,78.02197802197803,0.7263427109974424,0.9134850479593757,76.24309392265194,0.7459459459459459,0.9224326931509252,72.72727272727273,0.8038277511961722,0.9337504714617848,91.71597633136095,0.7868020304568528,0.954909248855375,83.75,0.8297213622291022,0.9423846726190477
CiteSeer,CEL,0.7262357020723998,0.76,0.7280557607286485,0.76,0.9126107096672058,0.14809432744979859,40.25974025974026,0.46616541353383456,0.7971957619844944,73.07692307692308,0.7055702917771883,0.9159871302291839,72.92817679558011,0.7313019390581716,0.915636236078225,80.51948051948052,0.8230088495575221,0.9371140346432933,85.20710059171597,0.8252148997134671,0.9583021810180933,83.75,0.8170731707317073,0.9514285714285714
CiteSeer,CEL,0.715569521762414,0.749,0.7176806601779072,0.749,0.9079377055168152,0.14885525941848754,37.66233766233766,0.46031746031746035,0.7831745719069663,79.12087912087912,0.7076167076167076,0.9210651817620032,67.40331491712708,0.7072463768115942,0.8972672508584111,76.62337662337663,0.7990970654627539,0.9408519525554635,81.65680473372781,0.8141592920353982,0.9510819644115951,86.875,0.8176470588235295,0.9541852678571429
CiteSeer,CEL,0.7373914757799692,0.768,0.74133519564019,0.768,0.9151351451873779,0.1466478395462036,44.15584415584416,0.5190839694656488,0.8043294733435579,75.27472527472527,0.7191601049868767,0.921760391198044,74.58563535911603,0.7356948228882834,0.9118922820580279,80.08658008658008,0.8203991130820399,0.9404663390359099,85.20710059171597,0.8275862068965518,0.9597547689744301,83.125,0.8260869565217391,0.952607886904762
CiteSeer,CEL,0.6719473234361143,0.738,0.6512340124792555,0.738,0.8690667152404785,0.14682950258255004,3.896103896103896,0.07500000000000001,0.6339435212674649,84.61538461538461,0.7129629629629629,0.918237325022166,70.7182320441989,0.713091922005571,0.8858127753155377,77.05627705627705,0.8109339407744874,0.9133495459893377,88.75739644970415,0.79155672823219,0.9400807468011023,78.125,0.8038585209003216,0.9229761904761904
CiteSeer,CEL,0.7330133485653035,0.767,0.7366265154745664,0.767,0.913428544998169,0.14599637746810912,40.25974025974026,0.4920634920634921,0.8004460328403991,72.52747252747253,0.7096774193548387,0.9170618501303096,74.58563535911603,0.7258064516129032,0.9119833512098705,80.51948051948052,0.8285077951002227,0.9394446039439537,88.16568047337279,0.8209366391184573,0.9576364115381055,83.75,0.8427672955974843,0.9539992559523811
CiteSeer,CEL,0.7317508436279686,0.767,0.7364931945420755,0.767,0.9118137359619141,0.14893234491348267,40.25974025974026,0.4920634920634921,0.7945505199026326,76.92307692307692,0.7272727272727274,0.9160677342217683,72.37569060773481,0.7197802197802198,0.907676117620869,81.81818181818181,0.8271334792122539,0.9452822859844966,85.79881656804734,0.8262108262108262,0.9538233681527211,81.875,0.8264984227129337,0.9534821428571428
CiteSeer,CEL,0.7244325554209214,0.768,0.7285611294487953,0.768,0.9098927974700928,0.1506940531730652,31.16883116883117,0.4210526315789474,0.7935585541219344,79.12087912087912,0.7328244274809161,0.9174615115935407,76.24309392265194,0.736,0.9091129864610528,80.51948051948052,0.8230088495575221,0.9379077792601849,86.98224852071006,0.823529411764706,0.9564686447496777,80.625,0.8349514563106795,0.9448474702380952
CiteSeer,CEL,0.7304339938052221,0.764,0.734391666024521,0.764,0.913957417011261,0.1454390788078308,40.25974025974026,0.4769230769230769,0.7944379564097874,77.47252747252747,0.7324675324675325,0.9264253472688679,74.03314917127072,0.7127659574468085,0.9107522311942202,78.78787878787878,0.8088888888888889,0.9400722814246872,85.20710059171597,0.8372093023255813,0.9580351611731784,82.5,0.8380952380952381,0.9540215773809525
CiteSeer,CEL,0.7297858602416613,0.762,0.7321327509273763,0.762,0.9126262068748474,0.14553939580917358,41.55844155844156,0.463768115942029,0.7994048205315811,75.82417582417582,0.7320954907161803,0.9197990273784894,74.58563535911603,0.7277628032345014,0.9129952306747886,78.78787878787878,0.8035320088300222,0.9377726737934802,84.61538461538461,0.819484240687679,0.9548629654155897,82.5,0.8461538461538461,0.9509226190476192
CiteSeer,WCEL,0.7278048818183752,0.76,0.7300881123755435,0.76,0.9144815802574158,0.14683324098587036,40.25974025974026,0.4806201550387597,0.8047797273149385,75.82417582417582,0.7095115681233933,0.9208267282839411,74.58563535911603,0.7317073170731707,0.9104351756285457,77.05627705627705,0.8165137614678899,0.936922635232128,85.20710059171597,0.8275862068965518,0.9561019374959947,83.75,0.8145896656534956,0.9578236607142857
CiteSeer,WCEL,0.7248342577111702,0.758,0.7270001091476436,0.7579999999999999,0.9186139702796936,0.14536574602127075,40.25974025974026,0.46616541353383456,0.823943661971831,75.27472527472527,0.7210526315789473,0.9251726268841183,75.13812154696133,0.7371273712737128,0.9085260963714004,78.78787878787878,0.8088888888888889,0.9435259149173323,81.06508875739645,0.8130563798219584,0.9551549071126966,84.375,0.8157099697885197,0.9553608630952382
CiteSeer,WCEL,0.7290538422537466,0.762,0.7307733632865832,0.762,0.9163720011711121,0.14511751651763916,40.25974025974026,0.46616541353383456,0.8076712020373993,74.17582417582418,0.7142857142857142,0.9203464628281254,76.24309392265194,0.739946380697051,0.9166683531324415,78.35497835497836,0.817155756207675,0.9394446039439539,84.02366863905326,0.813753581661891,0.9584018684268616,84.375,0.8333333333333331,0.9556994047619048
CiteSeer,WCEL,0.6157127332222955,0.655,0.5616575388211088,0.655,0.887396514415741,0.14564242601394653,42.857142857142854,0.3529411764705882,0.7780318273276018,79.12087912087912,0.6651270207852193,0.9111340981756628,75.69060773480663,0.7425474254742547,0.9024143444032946,81.81818181818181,0.7809917355371901,0.9288894893576298,89.94082840236686,0.8283378746594006,0.9586297253611888,0.0,0.0,0.845279017857143
CiteSeer,WCEL,0.6221270983290214,0.631,0.5610855544697271,0.631,0.8649422526359558,0.14638714075088502,57.142857142857146,0.4170616113744075,0.7991023061445596,79.12087912087912,0.5950413223140496,0.8574988581101051,0.0,0.0,0.7635507525010288,78.35497835497836,0.802660753880266,0.9109514239553251,90.53254437869822,0.7948051948051947,0.9532110026417163,68.125,0.7569444444444445,0.9053385416666666
CiteSeer,WCEL,0.6060466509985739,0.633,0.5532029767990826,0.633,0.8740803599357605,0.14580999374389647,40.25974025974026,0.36686390532544383,0.7814016968946547,79.67032967032966,0.6157112526539279,0.8840310056691474,0.0,0.0,0.7798824870648075,83.98268398268398,0.7533980582524272,0.9315578223250527,82.84023668639053,0.8022922636103151,0.9423450750859804,76.875,0.780952380952381,0.9252641369047621
CiteSeer,WCEL,0.4820845679324217,0.475,0.38858896661845194,0.47500000000000003,0.8163245320320129,0.14550620794296265,38.96103896103896,0.3448275862068966,0.6816071252690972,91.20879120879121,0.49478390461997024,0.8886287917461512,77.90055248618785,0.6650943396226415,0.8779909470517206,1.2987012987012987,0.025641025641025647,0.7452276808583701,79.88165680473372,0.801186943620178,0.9223755509509466,0.0,0.0,0.7821168154761905
CiteSeer,WCEL,0.7265588194800903,0.762,0.7300247429313567,0.762,0.9178434014320374,0.14504290342330933,38.96103896103896,0.47619047619047616,0.8199265523209186,74.17582417582418,0.7161803713527852,0.9258577608210861,73.48066298342542,0.7388888888888888,0.9184492609906973,80.95238095238095,0.8148148148148149,0.9382399135325012,84.61538461538461,0.819484240687679,0.9506582929243301,83.75,0.8145896656534956,0.9539285714285715
CiteSeer,WCEL,0.7236103292042518,0.753,0.7249507592485717,0.753,0.9199883937835693,0.14503702640533447,42.857142857142854,0.4852941176470588,0.8397447622799735,68.13186813186813,0.6985915492957746,0.9116210806308604,79.00552486187846,0.7204030226700253,0.923883053717308,77.05627705627705,0.8090909090909091,0.9365454658042436,84.61538461538461,0.8289855072463768,0.9581099267297545,82.5,0.8073394495412844,0.9500260416666667
CiteSeer,WCEL,0.7340516428900937,0.766,0.7351059950754492,0.766,0.9180121421813965,0.14571362733840942,41.55844155844156,0.46715328467153283,0.8139395815452154,78.57142857142857,0.7371134020618556,0.9272515381928585,75.13812154696133,0.7452054794520546,0.91619276978393,77.4891774891775,0.8136363636363636,0.939754220638486,85.79881656804734,0.8262108262108262,0.956596814275237,81.875,0.8213166144200627,0.9543377976190477
CiteSeer,WCEL,0.7284960236498166,0.764,0.7306173211993787,0.764,0.9198718667030334,0.14521266937255858,37.66233766233766,0.46031746031746035,0.8211788211788211,76.37362637362638,0.7220779220779221,0.923607566028104,75.69060773480663,0.7506849315068492,0.9162703472095737,77.92207792207792,0.8144796380090498,0.9389942523882706,87.57396449704142,0.8199445983379501,0.96028880866426,81.875,0.8161993769470405,0.9588913690476191
CiteSeer,WCEL,0.731743277824079,0.764,0.7344692015433884,0.764,0.9196859002113342,0.14539180994033812,41.55844155844156,0.4923076923076923,0.8269195593139255,76.37362637362638,0.7239583333333333,0.9212566162443911,74.58563535911603,0.733695652173913,0.9127456337401089,78.78787878787878,0.8216704288939053,0.9438270875201954,84.61538461538461,0.8242074927953891,0.9551264249959057,83.125,0.8109756097560975,0.9582403273809523
CiteSeer,WCEL,0.7252927529157343,0.756,0.7253554881455097,0.756,0.9180074334144592,0.14573840618133546,41.55844155844156,0.4571428571428572,0.8223888787269069,73.07692307692308,0.7074468085106383,0.9204102743222545,76.24309392265194,0.739946380697051,0.9168842207516242,76.62337662337663,0.8100686498855835,0.9406042591998378,85.79881656804734,0.8238636363636365,0.9534673416928346,81.875,0.8136645962732918,0.9542894345238094
CiteSeer,WCEL,0.7381767524749888,0.776,0.7424682229584532,0.776,0.9113044738769531,0.1452468991279602,37.66233766233766,0.4915254237288135,0.8115968538503749,76.37362637362638,0.7202072538860105,0.9060526881431527,72.92817679558011,0.75,0.9182097828506668,82.25108225108225,0.8501118568232662,0.9447334200260079,89.94082840236686,0.8106666666666668,0.9511211273221826,83.75,0.8322981366459627,0.9361123511904761
CiteSeer,WCEL,0.611414840501379,0.646,0.5535354978563835,0.646,0.8686302304267883,0.14513431787490844,31.16883116883117,0.34532374100719426,0.743545187207159,85.71428571428571,0.6582278481012658,0.9078595609769203,0.0,0.0,0.7486761243667321,82.68398268398268,0.7748478701825559,0.9238117755673023,81.65680473372781,0.7688022284122562,0.9386922436075449,85.625,0.7740112994350283,0.9491964285714285
CiteSeer,WCEL,0.44829621301279815,0.489,0.39794850061905845,0.489,0.7987325191497803,0.14568241596221923,31.16883116883117,0.34782608695652173,0.6875589199532862,97.8021978021978,0.4850136239782016,0.9171323786238211,9.392265193370166,0.1708542713567839,0.6673682364290099,85.71428571428571,0.7542857142857142,0.9108585389469654,1.7751479289940828,0.03488372093023256,0.7402359743376127,43.125,0.5948275862068966,0.8692410714285715
CiteSeer,WCEL,0.5295095396056935,0.532,0.41131522592802855,0.532,0.8582517504692078,0.14516535758972168,55.84415584415584,0.38738738738738737,0.8108862968017897,0.0,0.0,0.7502888309734276,0.0,0.0,0.788962418796673,87.44588744588745,0.7227191413237924,0.9293060645466368,88.16568047337279,0.768041237113402,0.943203098854307,86.25,0.5897435897435896,0.9268638392857144
CiteSeer,WCEL,0.7254696903004914,0.761,0.7271491032659235,0.761,0.9176669716835022,0.145084445476532,38.96103896103896,0.45454545454545453,0.8168873380140986,74.72527472527473,0.7272727272727272,0.9249274564066741,74.58563535911603,0.7458563535911603,0.9182030369875673,80.51948051948052,0.8193832599118943,0.9358811972596107,84.61538461538461,0.819484240687679,0.9593773809269505,81.875,0.7963525835866261,0.9507254464285715
CiteSeer,WCEL,0.7252094519731579,0.759,0.727095510746771,0.7590000000000001,0.9174065589904785,0.14529776334762573,40.25974025974026,0.46616541353383456,0.8123847983002912,75.27472527472527,0.7210526315789473,0.9254379483597087,71.8232044198895,0.7344632768361583,0.9131200291421286,80.51948051948052,0.8175824175824177,0.9439481195007853,82.24852071005917,0.7965616045845273,0.9501918982618788,85.0,0.8267477203647416,0.9593563988095237
CiteSeer,WCEL,0.7353603192505659,0.767,0.7368736583468157,0.767,0.9198970794677734,0.14477492094039918,41.55844155844156,0.47761194029850745,0.8279396659678349,75.82417582417582,0.7263157894736841,0.9219484671807411,76.79558011049724,0.7433155080213903,0.9160578525219408,77.4891774891775,0.815489749430524,0.9409757992332766,85.79881656804734,0.8262108262108262,0.9569065572953382,83.75,0.8322981366459627,0.9555543154761904
CiteSeer,WCEL,0.7195201419914552,0.756,0.7202446434322853,0.756,0.9178867936134338,0.14601449966430663,36.36363636363637,0.42424242424242425,0.810316444119261,74.17582417582418,0.706806282722513,0.9238292270077111,72.92817679558011,0.7374301675977653,0.9174137710049313,79.22077922077922,0.8151447661469934,0.9449754839871876,84.02366863905326,0.8160919540229885,0.9572483426968292,85.0,0.8217522658610271,0.9535379464285716
CiteSeer,WCEL,0.7327088350569012,0.768,0.7357208973023357,0.768,0.91852205991745,0.14510727882385255,38.96103896103896,0.47619047619047616,0.8153395899874774,75.82417582417582,0.7187499999999999,0.9231474515704343,75.13812154696133,0.7431693989071039,0.9160207502748938,80.08658008658008,0.8295964125560538,0.9445729822842956,84.61538461538461,0.8148148148148148,0.9561660222587743,85.0,0.8318042813455658,0.9558854166666668
CiteSeer,WCEL,0.6228669300784685,0.648,0.5625177819121504,0.648,0.8947184681892395,0.14543987751007081,38.96103896103896,0.37974683544303794,0.7860308705379128,75.27472527472527,0.6241457858769932,0.9064254816088556,0.0,0.0,0.8366590438413642,81.38528138528139,0.7626774847870181,0.9315043430778153,89.3491124260355,0.8388888888888888,0.9564223613098927,88.75,0.7696476964769647,0.9512686011904764
CiteSeer,WCEL,0.7258651221517775,0.758,0.7275885214592641,0.7579999999999999,0.9195460677146912,0.14470429897308348,41.55844155844156,0.47058823529411764,0.815388836515597,72.52747252747253,0.7154471544715448,0.9216596362073135,73.48066298342542,0.7247956403269755,0.9200750139976659,79.65367965367966,0.8087912087912088,0.942197377828067,85.79881656804734,0.8285714285714285,0.9598900590291871,82.5,0.8173374613003095,0.9580654761904763
CiteSeer,WCEL,0.7172393978147272,0.754,0.7177881078192961,0.754,0.9133880138397217,0.14491407871246337,36.36363636363637,0.4210526315789474,0.8199546931941298,73.62637362637362,0.7108753315649868,0.9133305569735888,70.7182320441989,0.7170868347338935,0.9027347729005187,80.08658008658008,0.8167770419426049,0.9347947241315252,85.79881656804734,0.8238636363636365,0.9584303505436524,83.75,0.8170731707317073,0.9510825892857143
CiteSeer,WCEL,0.7343876996474744,0.768,0.735437663372807,0.768,0.9113449454307556,0.1449959683418274,38.96103896103896,0.45454545454545453,0.7923977431019684,78.02197802197803,0.7208121827411167,0.9168603401488484,72.92817679558011,0.7333333333333333,0.9153158075810008,77.4891774891775,0.8192219679633866,0.9359684528735245,86.98224852071006,0.8328611898016997,0.9600680722591304,86.25,0.8518518518518519,0.9474590773809524
CiteSeer,WCEL,0.7308646614399908,0.763,0.7316049427536152,0.763,0.9204221367835999,0.1497797417640686,41.55844155844156,0.46715328467153283,0.8261597557372207,77.47252747252747,0.7324675324675325,0.9199669523630405,70.7182320441989,0.7314285714285715,0.9134843057494992,79.22077922077922,0.8151447661469934,0.9463237239570139,85.79881656804734,0.8238636363636365,0.9595518338922949,83.75,0.819571865443425,0.957046130952381
CiteSeer,WCEL,0.5433867582693549,0.53,0.42470007552993044,0.53,0.8200916647911072,0.19930095195770264,79.22077922077922,0.3104325699745547,0.8122792700257488,0.0,0.0,0.6306053359843091,76.24309392265194,0.7688022284122563,0.9255222984504752,81.81818181818181,0.7991543340380549,0.9385270126492493,0.0,0.0,0.6830688056736376,88.75,0.6698113207547169,0.930546875
CiteSeer,WCEL,0.6445607772663658,0.661,0.5866654820970484,0.661,0.891322672367096,0.1864478135108948,49.35064935064935,0.36190476190476184,0.8021626261062881,4.395604395604396,0.08421052631578947,0.8548993793492572,77.34806629834254,0.7567567567567568,0.9166110132960961,81.81818181818181,0.785862785862786,0.9123841048418422,87.57396449704142,0.7381546134663342,0.9368195444285418,86.25,0.7931034482758621,0.9250595238095238
CiteSeer,WCEL,0.719582573509741,0.756,0.7198563275651914,0.756,0.9120884537696838,0.18329420566558838,36.36363636363637,0.4148148148148148,0.7881977177751825,73.07692307692308,0.7,0.9195572154007362,71.8232044198895,0.7202216066481995,0.9112885273106268,79.65367965367966,0.8214285714285714,0.930612084058118,85.20710059171597,0.8323699421965319,0.965326583071654,85.625,0.8303030303030303,0.957548363095238
CiteSeer,WCEL,0.7246621972198364,0.762,0.7270721156916916,0.762,0.9185285568237305,0.18070563316345215,36.36363636363637,0.44094488188976383,0.8208974124467082,76.37362637362638,0.718346253229974,0.923631075525941,75.69060773480663,0.7405405405405405,0.9153225534441004,79.22077922077922,0.820627802690583,0.9407759557304421,84.02366863905326,0.8184438040345822,0.9539372966198848,83.125,0.8235294117647058,0.956607142857143
CiteSeer,WCEL,0.7229942974577485,0.756,0.7237479577715389,0.756,0.9190895557403564,0.18280740022659303,40.25974025974026,0.45255474452554745,0.8237114997678379,70.87912087912088,0.7049180327868853,0.9193355544211289,75.13812154696133,0.7351351351351352,0.9187460789670734,79.22077922077922,0.8133333333333332,0.9414430389722976,85.79881656804734,0.8192090395480226,0.9566359771858244,82.5,0.8173374613003095,0.9546651785714286
CiteSeer,WCEL,0.7410762439914055,0.776,0.7458805045397859,0.776,0.9204359650611877,0.18298831462860107,40.25974025974026,0.5123966942148761,0.8325125578646706,74.17582417582418,0.7277628032345014,0.9191071764421397,77.90055248618785,0.7540106951871658,0.9135450185173942,80.95238095238095,0.8274336283185841,0.9386987091798535,86.98224852071006,0.8305084745762711,0.9624392084819744,84.375,0.8231707317073171,0.9563132440476191
CiteSeer,WCEL,0.7310863432383833,0.762,0.7331811269276728,0.762,0.9193328022956848,0.18033811569213867,41.55844155844156,0.48484848484848486,0.8244361272530287,75.82417582417582,0.7150259067357514,0.9249274564066738,73.48066298342542,0.7247956403269755,0.9169280688617705,77.05627705627705,0.8072562358276644,0.9384172394575516,86.98224852071006,0.84,0.9611503926971852,83.75,0.8271604938271605,0.9501376488095239
CiteSeer,WCEL,0.721314064235335,0.755,0.7227816790922557,0.755,0.9168650507926941,0.17321393728256226,38.96103896103896,0.46153846153846156,0.8179215151046137,73.62637362637362,0.7184986595174263,0.9180190225422498,73.48066298342542,0.7228260869565217,0.9149076828634839,78.35497835497836,0.811659192825112,0.9431403013977786,84.61538461538461,0.8125,0.9502631035538562,83.75,0.8096676737160121,0.9569382440476191
CiteSeer,WCEL,0.5084220266912575,0.476,0.4188521719744131,0.476,0.7964584827423096,0.1785191559791565,48.05194805194805,0.4484848484848485,0.7401964232950149,89.56043956043956,0.43817204301075274,0.8384595233617238,0.0,0.0,0.6141501224374153,0.0,0.0,0.700823017468011,89.94082840236686,0.8106666666666668,0.9440468815642378,77.5,0.8157894736842106,0.9410751488095237
CiteSeer,WCEL,0.368735544010459,0.34,0.2529245943262125,0.34,0.7538962960243225,0.170346040725708,31.16883116883117,0.2962962962962963,0.7500035176091513,1.098901098901099,0.02173913043478261,0.6794278459926383,1.1049723756906078,0.02185792349726776,0.4922692408880255,5.194805194805195,0.09876543209876544,0.7525881140965667,85.79881656804734,0.6971153846153846,0.9248072116719714,96.875,0.3817733990147783,0.924281994047619
CiteSeer,WCEL,0.7317375840856504,0.764,0.7334724240125589,0.764,0.9165895581245422,0.1739986515045166,41.55844155844156,0.46715328467153283,0.8013113646916465,73.07692307692308,0.7018469656992085,0.9227880921034954,75.13812154696133,0.7411444141689373,0.9157880179979627,79.65367965367966,0.8195991091314032,0.9408350643721255,84.61538461538461,0.8289855072463768,0.9619550124965286,85.0,0.8421052631578947,0.956860119047619
CiteSeer,WCEL,0.734620662191848,0.767,0.736773117141535,0.767,0.9204062819480896,0.17331815242767334,41.55844155844156,0.48854961832061067,0.8269477001871369,74.17582417582418,0.7161803713527852,0.9213775222332679,74.58563535911603,0.7458563535911603,0.9174272627311302,79.65367965367966,0.8195991091314032,0.9424394417892468,85.79881656804734,0.8262108262108262,0.9600680722591304,85.0,0.8242424242424243,0.9541778273809525
CiteSeer,WCEL,0.7365135136384605,0.772,0.7386635186569666,0.772,0.9188354015350342,0.18393229722976684,40.25974025974026,0.46969696969696967,0.8027043379156056,75.27472527472527,0.7210526315789473,0.9289207125392943,75.69060773480663,0.7548209366391185,0.9213567279865622,82.25108225108225,0.8425720620842572,0.9465629732209706,83.4319526627219,0.8245614035087718,0.959996866967153,85.0,0.8192771084337349,0.9534709821428573
CiteSeer,WCEL,0.733740988081192,0.765,0.7374625813061767,0.765,0.9195216298103333,0.17849562406539918,41.55844155844156,0.5039370078740157,0.8249215573159234,75.82417582417582,0.7206266318537858,0.9231407345710523,77.34806629834254,0.7387862796833774,0.9185841782526865,76.62337662337663,0.8063781321184511,0.9359768969651935,86.3905325443787,0.8248587570621468,0.9579995585271898,82.5,0.8301886792452831,0.9565066964285716
CiteSeer,WCEL,0.45206260262969783,0.494,0.41059325547768716,0.494,0.8026625514030457,0.17356072425842284,7.792207792207792,0.14285714285714285,0.6663688424251805,67.03296703296704,0.6559139784946236,0.8837052311991188,2.7624309392265194,0.053475935828877004,0.6517414445591241,68.83116883116882,0.775609756097561,0.9190830842326292,25.443786982248522,0.40186915887850466,0.7304523672199317,99.375,0.43383356070941337,0.964624255952381
CiteSeer,WCEL,0.7314065091835492,0.766,0.7324549841527724,0.766,0.9162075519561768,0.1808960485458374,38.96103896103896,0.44776119402985076,0.8088742243671821,75.82417582417582,0.7187499999999999,0.9198359708750906,73.48066298342542,0.7348066298342542,0.9151741444559124,79.22077922077922,0.8224719101123595,0.9410067609027297,86.98224852071006,0.8376068376068375,0.9584517121312456,84.375,0.8333333333333331,0.9539025297619048
CiteSeer,WCEL,0.7312736086044097,0.763,0.7325146797481469,0.763,0.9177629351615906,0.17175808906555176,41.55844155844156,0.47761194029850745,0.813475257137229,75.27472527472527,0.7229551451187334,0.9229694510868104,74.58563535911603,0.7377049180327868,0.9161151923582863,78.35497835497836,0.8190045248868778,0.9396979266940255,84.61538461538461,0.8171428571428571,0.9563511560179153,84.375,0.8206686930091186,0.9579687499999998
CiteSeer,WCEL,0.7377062105387647,0.768,0.741074966272074,0.768,0.9206727147102356,0.17642580032348631,42.857142857142854,0.515625,0.8229165200996187,75.27472527472527,0.7210526315789473,0.9241415674789758,76.79558011049724,0.7473118279569892,0.9128839239336476,77.4891774891775,0.8081264108352145,0.9425914354392899,85.20710059171597,0.8275862068965518,0.961264321164349,85.0,0.8267477203647416,0.9602380952380952
CiteSeer,WCEL,0.7311331198137934,0.761,0.7337741633762188,0.761,0.9051065444946289,0.18216129064559936,42.857142857142854,0.49624060150375937,0.7594729214447525,76.37362637362638,0.7220779220779221,0.9117319111206642,76.24309392265194,0.7113402061855671,0.9145501521192128,76.19047619047619,0.822429906542056,0.9357263889123448,86.3905325443787,0.836676217765043,0.9603778152792315,80.625,0.8138801261829655,0.9487797619047619
CiteSeer,WCEL,0.7260309879771737,0.761,0.7278293563412336,0.761,0.9180994033813477,0.17295066118240357,37.66233766233766,0.453125,0.816831056267676,75.27472527472527,0.7116883116883117,0.9230097530831027,74.58563535911603,0.7377049180327868,0.9159263081915016,77.92207792207792,0.8144796380090498,0.9405620387414927,85.79881656804734,0.8192090395480226,0.9556675852149331,84.375,0.8307692307692308,0.9565997023809524
CiteSeer,WCEL,0.7264400977440183,0.759,0.7287592918736342,0.7590000000000001,0.9180592894554138,0.18798279047012328,40.25974025974026,0.4732824427480916,0.8206863558976235,74.72527472527473,0.7157894736842105,0.9243330019613638,74.03314917127072,0.7302452316076294,0.9158925788760043,77.92207792207792,0.8053691275167787,0.939762664730155,85.79881656804734,0.8192090395480226,0.9534103774592527,83.125,0.8286604361370717,0.9542708333333333
CiteSeer,WCEL,0.7294714663140609,0.764,0.7317373090884806,0.764,0.9144103527069092,0.19964053392410278,38.96103896103896,0.46511627906976744,0.8126943479056156,76.37362637362638,0.7146529562982005,0.9212196727477899,71.2707182320442,0.7392550143266475,0.905955922530508,79.65367965367966,0.8123620309050772,0.9372857311738976,85.79881656804734,0.8262108262108262,0.957148655288061,85.625,0.8328267477203647,0.9521577380952382
CiteSeer,WCEL,0.7267292996468516,0.76,0.7288057611174841,0.76,0.9183384776115417,0.1863632345199585,38.96103896103896,0.46875,0.8122651995891432,76.37362637362638,0.718346253229974,0.9228586205970069,71.8232044198895,0.7242339832869081,0.9158521036974077,77.4891774891775,0.8026905829596411,0.937767044399034,86.3905325443787,0.8295454545454545,0.9605807503613669,85.0,0.8292682926829269,0.9607068452380954
